Cat Fact,Statement,Statement 2
Cat Fact 2,Cats have a fascination with boxes.,They'll make you question your furniture purchases.
Cat Fact 3,"Cats are experts at giving ""the look.""",Prepare to feel judged on a daily basis.
Cat Fact 4,Cats have a love for knocking things off tables.,Gravity is their greatest accomplice.
Cat Fact 5,Cats have a talent for fitting into small spaces.,They'll make you question the laws of physics.
Cat Fact 6,Cats have a fascination with laser pointers.,"They'll chase the elusive dot, but good luck catching it yourself."
Cat Fact 7,Cats are masters of the art of ignoring you.,Your calls will be met with silence and disdain.
Cat Fact 8,Cats have a love for interrupting video calls.,They'll show up uninvited and steal the spotlight.
Cat Fact 9,Cats have a talent for stealing your chair.,"One moment you're sitting, the next moment you're on the floor."
Cat Fact 10,Cats have a fascination with toilet paper.,They'll turn it into their personal confetti party.
Cat Fact 11,Cats are experts at teleportation.,They'll disappear and reappear in a different room without you noticing.
Cat Fact 12,Cats have a love for making bread.,Kneading your lap is their way of preparing dough for purrfection.
Cat Fact 13,Cats have a talent for stealing your warmth.,"They'll claim your spot as soon as you get up, leaving you in the cold."
Cat Fact 14,Cats have a fascination with sinks.,They'll turn them into their personal water playgrounds.
Cat Fact 15,"Cats are masters of the ""elevator butt"" pose.",They'll raise their tail to signal their excitement or curiosity.
Cat Fact 16,Cats have a love for knocking over fragile items.,They'll test your reflexes and your patience simultaneously.
Cat Fact 17,Cats have a talent for finding the most uncomfortable spot to sleep.,Your lap will never be as appealing as a pile of laundry.
Cat Fact 18,Cats have a fascination with human hair.,They'll turn your hairbrush into their personal collection of trophies.
Cat Fact 19,Cats are experts at pretending not to notice you.,They'll ignore your calls until you open a can of tuna.
Cat Fact 20,Cats have a love for waking you up at 3 AM.,"They'll demand attention or bring you ""gifts"" in the form of live creatures."
Cat Fact 21,Cats have a talent for knocking over water glasses.,They enjoy turning your table into a makeshift aquarium.
Cat Fact 22,Cats have a fascination with empty cardboard boxes.,They'll prove that the box is always better than the expensive toy.
Cat Fact 23,Cats are experts at stealing your food.,"Your plate is their ultimate target, resistance is futile."
Cat Fact 24,Cats have a love for pushing objects off shelves.,Gravity is their way of redecorating the house.
Cat Fact 25,Cats have a talent for opening doors.,Say goodbye to any notion of privacy.
Cat Fact 26,Cats have a fascination with computer keyboards.,"They'll offer their ""paw-sitive"" contribution to your work."
Cat Fact 27,Cats are masters of the stealth mode.,They'll appear out of nowhere and vanish without a trace.
Cat Fact 28,Cats have a love for stealing your seat.,"They'll occupy it the moment you leave, asserting their dominance."
Cat Fact 29,Cats have a talent for meowing at closed doors.,Their persistence will test your patience and sanity.
Cat Fact 30,Cats have a fascination with unattended shoelaces.,They see them as a personal invitation for a playful ambush.
Cat Fact 31,Cats are experts at photobombing.,They'll make sure to steal the spotlight in all your pictures.
Cat Fact 32,Cats have a love for knocking books off shelves.,They'll show you their opinion on your reading choices.
Cat Fact 33,Cats have a talent for hiding in the most unexpected places.,"You'll find them in cupboards, drawers, and even your shoes."
Cat Fact 34,Cats have a fascination with dangling cords.,Your charger cables are their favorite prey.
Cat Fact 35,Cats are masters of the art of demanding attention.,They'll headbutt you until you give in to their demands.
Cat Fact 36,Cats have a love for knocking over indoor plants.,Gardening becomes a game of feline sabotage.
Cat Fact 37,Cats have a talent for stealing your hair ties.,"Your collection will mysteriously disappear, one hair tie at a time."
Cat Fact 38,Cats have a fascination with attacking moving feet under blankets.,"They'll turn bedtime into a thrilling game of ""catch the toes."""
Cat Fact 39,"Cats are experts at ""accidentally"" scratching your furniture.","Their claws have a mind of their own, aiming for the most cherished possessions."
Cat Fact 40,Cats have a love for chewing on houseplants.,"Your indoor jungle is their personal buffet, minus the salad bar."
Cat Fact 41,Cats have a talent for interrupting video calls.,They'll make sure to show their fuzzy face at the most inconvenient times.
Cat Fact 42,Cats have a fascination with knocking over your drink.,"Your cup is their challenge, spillage is their victory."
Cat Fact 43,Cats are experts at stealing your warm spot.,"They'll claim it as their own, leaving you to freeze."
Cat Fact 44,Cats have a love for playing hide-and-seek with their toys.,"The toy disappears, only to reappear in the most unexpected places."
Cat Fact 45,Cats have a talent for pretending they don't need you.,"Until it's time for food or cuddles, then they become the most affectionate beings."
Cat Fact 46,Cats have a fascination with laser pointers.,They'll chase that elusive red dot until they're panting with exhaustion.
Cat Fact 47,Cats are masters of the art of staring into your soul.,Their intense gaze will make you question your life choices.
Cat Fact 48,Cats have a love for knocking down delicate objects.,They have a mission to test the fragility of your prized possessions.
Cat Fact 49,Cats have a talent for turning your laundry into their bed.,Freshly washed clothes make the purr-fect sleeping surface.
Cat Fact 50,Cats have a fascination with pawing at your face while you sleep.,Wake up to the gentle touch of tiny paws on your cheeks.
Cat Fact 51,Cats are experts at stealing your hairbrush.,"They'll claim it as their own grooming tool, leaving you with wild hair."
Cat Fact 52,Cats have a love for knocking down your carefully arranged dominoes.,They find joy in the chaos they create.
Cat Fact 53,Cats have a talent for opening cabinet doors.,No food or treat is safe from their curious paws.
Cat Fact 54,Cats have a fascination with knocking over your carefully built card towers.,They believe it's their duty to keep you entertained.
Cat Fact 55,Cats are masters of the art of stealing your spot on the couch.,"They'll claim it as their throne, and you'll be left sitting on the floor."
Cat Fact 56,Cats have a love for pushing objects off tables.,Gravity is their trusted ally in the quest for chaos.
Cat Fact 57,Cats have a talent for photobombing your selfies.,"Say cheese, and they'll appear with a mischievous grin."
Cat Fact 58,Cats have a fascination with stealing your pens.,Writing becomes a challenge when your pen mysteriously vanishes.
Cat Fact 59,"Cats are experts at ""helping"" you with puzzles by sitting on the pieces.",They'll ensure the puzzle remains forever incomplete.
Cat Fact 60,Cats have a love for shredding your important documents.,They believe they're assisting you in decluttering your life.
Cat Fact 61,Cats have a talent for knocking items off shelves.,Gravity is their loyal accomplice.
Cat Fact 62,Cats have a fascination with stealing your seat.,They'll claim it as their throne with a regal attitude.
Cat Fact 63,Cats are masters of the art of pouncing on invisible objects.,"Their agility knows no bounds, even if there's nothing there."
Cat Fact 64,"Cats have a love for ""helping"" you fold laundry.",Your neatly folded clothes become their playground.
Cat Fact 65,Cats have a talent for finding the one spot on your keyboard that triggers a system malfunction.,Their paws possess a mysterious technical prowess.
Cat Fact 66,Cats have a fascination with knocking over your carefully arranged dominos of life.,Chaos is their preferred state of existence.
Cat Fact 67,Cats are experts at stealing your heart with their irresistible purrs.,Resistance is futile in the face of their melodic charms.
Cat Fact 68,Cats have a love for climbing curtains like feline acrobats.,Vertical exploration is their preferred mode of transportation.
Cat Fact 69,Cats have a talent for sabotaging your yoga sessions by assuming impossible poses.,They'll show you what true flexibility looks like.
Cat Fact 70,Cats have a fascination with stealing your hair ties.,Your collection mysteriously disappears into their secret hiding spots.
Cat Fact 71,Cats are masters of the art of turning your empty boxes into cozy fortresses.,They find joy in transforming mundane objects into epic adventures.
Cat Fact 72,"Cats have a love for swatting at moving shadows, keeping your house safe from invisible intruders.",They're your fearless protectors against the unknown.
Cat Fact 73,Cats have a talent for turning your peaceful night's sleep into a game of midnight zoomies.,Their bursts of energy are unleashed when the world is at rest.
Cat Fact 74,Cats have a fascination with sitting on your laptop keyboard as you work.,They believe in adding their personal touch to every document.
Cat Fact 75,Cats are experts at infiltrating your carefully wrapped presents.,Unwrapping gifts becomes a joint endeavor with your furry helper.
Cat Fact 76,"Cats have a love for stealing your socks, leaving you with a collection of mismatched pairs.",Laundry day becomes a treasure hunt for missing footwear.
Cat Fact 77,Cats have a talent for staring at walls as if they hold the secrets of the universe.,They're in constant communication with the invisible realm.
Cat Fact 78,Cats have a fascination with turning your elegant houseplants into their personal salad bar.,Green leaves are their natural source of vitamins and mischief.
Cat Fact 79,Cats are masters of the art of vanishing when it's time for a trip to the vet.,They possess an uncanny ability to become invisible at the mere sight of a carrier.
Cat Fact 80,Cats have a love for squeezing themselves into small boxes that defy the laws of physics.,"Their contortionist skills leave you in awe and wondering, ""How did they fit?"""
Cat Fact 81,Cats have a talent for teleporting to the most inconvenient places.,They can magically appear where you least expect them.
Cat Fact 82,Cats have a fascination with photobombing your perfectly composed pictures.,They're masters of stealing the spotlight at the last moment.
Cat Fact 83,Cats are experts at turning your house into their personal obstacle course.,Every room becomes an adventure waiting to unfold.
Cat Fact 84,Cats have a love for knocking objects off the table just to see your surprised reaction.,It's their way of reminding you who's in charge.
Cat Fact 85,Cats have a talent for squeezing themselves into impossibly small spaces.,"They redefine the concept of ""fitting in."""
Cat Fact 86,Cats have a fascination with walking across your keyboard during important video calls.,They believe in adding their touch of chaos to your work life.
Cat Fact 87,Cats are masters of the art of disappearing right when it's time for their medication.,They possess ninja-like evasion skills when it comes to getting their daily dose.
Cat Fact 88,Cats have a love for stealing your comfy seat the moment you stand up.,Your warmth and comfort become their ultimate conquest.
Cat Fact 89,Cats have a talent for interrupting your peaceful reading time by sitting directly on your book.,They're experts at demanding attention at the most inconvenient moments.
Cat Fact 90,"Cats have a fascination with unraveling toilet paper rolls, turning your bathroom into a paper blizzard.",They believe in providing you with an endless source of entertainment.
Cat Fact 91,Cats are experts at giving you a heart attack by suddenly darting across the room for no apparent reason.,Their bursts of energy are their way of keeping life exciting.
Cat Fact 92,Cats have a love for stealing your spot on the couch the moment you get up.,Your warmth and comfort become their prime real estate.
Cat Fact 93,Cats have a talent for making you question your sanity with their mischievous and unpredictable behavior.,They're experts at keeping you on your toes and second-guessing everything.
Cat Fact 94,"Cats have a fascination with batting at your dangling earrings, considering them their personal shiny toys.","Fashion accessories become their playthings, and you become their audience."
Cat Fact 95,"Cats are masters of the art of getting their head stuck in small openings, requiring your rescue operation.","Their curiosity knows no limits, and sometimes it leads to funny predicaments."
Cat Fact 96,"Cats have a love for hiding in cardboard boxes, transforming into invisible stealth ninjas.",They believe in the power of surprise and mysterious disappearances.
Cat Fact 97,Cats have a talent for sleeping in the most contorted and awkward positions.,They redefine the meaning of comfort and flexibility.
Cat Fact 98,Cats have a fascination with stealing food right off your plate when you momentarily look away.,They believe in the art of culinary espionage.
Cat Fact 99,Cats are experts at staring into empty corners as if they see ghosts from another dimension.,"They're your unofficial paranormal investigators, always on the lookout for supernatural visitors."
Cat Fact 101,"Cats have a love for knocking over your carefully arranged decorations, just for fun.",They enjoy testing the laws of gravity and your patience.
Cat Fact 102,"Cats are masters of blending into their surroundings, becoming invisible ninja spies.",You'll be amazed at their stealth and camouflage skills.
Cat Fact 103,"Cats have a talent for meowing loudly in the middle of the night, just to remind you they're awake.",Their vocal performances are designed to keep you on your toes.
Cat Fact 104,"Cats have a fascination with attacking your toes under the blanket, believing they're secret prey.","They're skilled hunters, even when it comes to hidden targets."
Cat Fact 105,"Cats are experts at batting at your hands while you're typing, adding their own creative touch to your work.",They believe in collaborative writing and constant feedback.
Cat Fact 106,"Cats have a love for shredding your important documents, offering their expertise in paper recycling.",They take their roles as environmental advocates seriously.
Cat Fact 107,Cats have a talent for stealing your hair ties and turning them into cherished treasures.,They're connoisseurs of the finest feline accessories.
Cat Fact 108,"Cats have a fascination with hiding in grocery bags, transforming them into instant forts.",They enjoy the thrill of surprise attacks from unexpected hiding spots.
Cat Fact 109,Cats are masters of ignoring their expensive toys and instead playing with random household objects.,They find joy in the simplest things and keep you wondering about their preferences.
Cat Fact 110,"Cats have a love for staring at you intensely, as if they're trying to read your mind.","They're always watching, silently judging your every move."
Cat Fact 111,"Cats have a talent for knocking over water glasses, just to remind you who's in charge.",They enjoy asserting their dominance in the most unexpected ways.
Cat Fact 112,"Cats have a fascination with climbing curtains, turning your windows into vertical playgrounds.",They see the world from a different perspective and love the thrill of heights.
Cat Fact 113,"Cats are experts at grooming themselves meticulously, but then they leave hairballs as surprises for you.","It's their way of saying, ""You're welcome for the special gifts."""
Cat Fact 114,Cats have a love for stealing your freshly laundered clothes and making them their cozy beds.,They believe in personalizing your wardrobe with their fur and scent.
Cat Fact 115,Cats have a talent for interrupting your yoga or workout sessions by deciding to use your body as their personal obstacle course.,They're always there to provide extra challenges and keep your workouts interesting.
Cat Fact 116,Cats have a fascination with pushing objects off tables just to see how you react.,"They're natural-born pranksters, always in search of amusement."
Cat Fact 117,Cats are masters of finding the one spot in the room where the sunbeam hits and claiming it as their exclusive sunbathing area.,They know how to soak up the rays and take relaxation to a whole new level.
Cat Fact 118,"Cats have a love for stealing your seat the moment you stand up, as if it's their rightful throne.",They believe in instant occupancy and possess