Dog Fact,Statement,Statement 2
1,Dogs are known for their loyalty.,"They'll be your biggest fan, even during a game of fetch!"
2,Dogs have an incredible sense of smell.,"They can find treats in your pocket from a mile away, no problem!"
3,Dogs are social animals.,They'll never turn down a chance to make new friends at the dog park!
4,Dogs are great at reading human emotions.,They know exactly when you need a cuddle and will provide one!
5,Dogs are natural swimmers.,They'll make a splash in the pool and chase those floating toys all day!
6,Dogs have a strong sense of hearing.,They can hear the sound of a treat bag opening from the other room!
7,Dogs love to explore the outdoors.,"They'll lead the way on a hike, sniffing out all the interesting scents!"
8,Dogs are excellent at learning tricks.,"They'll amaze you with their ability to sit, stay, and even roll over!"
9,Dogs have a keen sense of time.,They know exactly when it's time for their daily walk or dinner!
10,Dogs are expert nap-takers.,"They can turn any cozy spot into a perfect snooze zone, even your bed!"
11,Dogs are natural comedians.,They'll make you laugh with their silly antics and funny expressions!
12,Dogs are always up for an adventure.,"They'll happily join you on a road trip, ready to explore new places!"
13,Dogs are skilled at stealing hearts.,They'll melt your heart with their puppy dog eyes and wagging tail!
14,Dogs are loyal protectors.,"They'll stand by your side, barking at any suspicious noise or stranger!"
15,Dogs are expert beggars.,"They'll give you those irresistible puppy eyes, hoping for a treat or two!"
16,Dogs are natural stress-relievers.,They'll cuddle up next to you and provide comfort during tough times!
17,Dogs are great listeners.,"They'll patiently sit by your side, listening to your every word without judgment!"
18,Dogs have a playful spirit.,"They'll bring out your inner child, always ready for a game of fetch or tug-of-war!"
19,Dogs have a sixth sense for danger.,They'll sense when something isn't right and alert you to potential threats!
20,Dogs are experts at stealing the spotlight.,"They'll steal the show with their adorable presence, making everyone smile!"
21,Dogs are masters of tail-wagging.,Their wagging tails can brighten up even the gloomiest of days!
22,Dogs are natural comedians.,They'll make you laugh with their funny antics and goofy expressions!
23,Dogs have a great sense of adventure.,They'll join you on thrilling hikes or exploration expeditions without hesitation!
24,Dogs are professional snugglers.,They'll provide warmth and comfort during cuddle sessions on the couch!
25,Dogs are champions of playtime.,"They'll enthusiastically fetch, chase, and wrestle their way to endless fun!"
26,Dogs are excellent therapists.,They have a way of easing stress and bringing joy with their presence!
27,Dogs are fashion trendsetters.,They can rock a cute outfit or stylish bandana better than anyone else!
28,Dogs have a talent for mischief.,They'll find creative ways to get into trouble and keep you on your toes!
29,Dogs are expert treat detectors.,"They can sniff out treats hidden anywhere, even in the most clever hiding spots!"
30,Dogs are natural bodyguards.,"They'll protect you fiercely, barking at anything that poses a potential threat!"
31,Dogs are professional beggars.,They'll give you the most adorable begging face until you give in to their requests!
32,Dogs are connoisseurs of smells.,They'll spend hours exploring scents and sniffing everything in their path!
33,Dogs are skilled ball catchers.,They'll impress you with their agility as they catch balls mid-air with precision!
34,Dogs are talented problem solvers.,They'll find creative ways to overcome obstacles and get what they want!
35,Dogs are expert tail-wagging translators.,They can communicate their emotions through different types of tail wags!
36,Dogs have a love for belly rubs.,"They'll expose their belly, inviting you to give them delightful belly rubs!"
37,Dogs are professional nappers.,"They can turn any cozy spot into a perfect nap zone, mastering the art of relaxation!"
38,Dogs are social media influencers.,They can amass a huge following with their adorable photos and videos online!
39,Dogs have a knack for finding treats.,They'll sniff out treats in your pocket even if you try to be sneaky!
40,Dogs are experts at making you smile.,They have a way of brightening your day and bringing joy to your life!
41,Dogs are the best workout partners.,"They'll eagerly join you for runs and walks, motivating you to stay active!"
42,Dogs are natural therapists for loneliness.,"They'll provide unconditional love and companionship, easing feelings of isolation."
43,Dogs have an incredible sense of smell.,They can detect certain diseases and locate missing items with their powerful noses!
44,Dogs are experts at making friends.,"They'll happily greet other dogs and humans, spreading positivity everywhere they go!"
45,Dogs are talented swimmers.,"They can effortlessly glide through water, enjoying a refreshing swim on hot days!"
46,Dogs are expert hole diggers.,"They'll surprise you with their excavation skills, creating holes in your backyard!"
47,Dogs are loyal to the core.,"They'll stand by your side through thick and thin, demonstrating unwavering loyalty!"
48,Dogs are natural alarm clocks.,"They'll wake you up with gentle nudges or excited barks, ensuring you never oversleep!"
49,Dogs have an incredible memory.,"They can remember places, people, and routines, making them quick learners!"
50,Dogs are excellent listeners.,They'll patiently listen to your thoughts and secrets without ever judging you!
51,Dogs have a love for car rides.,"They'll eagerly hop into the car, sticking their heads out the window to enjoy the breeze!"
52,Dogs are professional beggars.,They'll use their puppy eyes and pawing techniques to get a share of your food!
53,Dogs are natural therapists for anxiety.,They'll provide a calming presence and help reduce anxiety levels with their soothing energy.
54,Dogs have a unique sense of humor.,"They'll do silly things that make you laugh, brightening your mood instantly!"
55,Dogs are skilled at giving hugs.,"They'll wrap their paws around you in an adorable embrace, giving you warm doggie hugs!"
56,Dogs have an innate sense of empathy.,They can sense your emotions and offer comfort when you're feeling down.
57,Dogs are natural explorers.,"They'll lead you on adventures, sniffing out new places and uncovering exciting discoveries!"
58,Dogs have a love for belly rubs.,"They'll expose their belly, inviting you to give them delightful belly rubs!"
59,Dogs are expert attention seekers.,"They'll find clever ways to grab your attention, whether it's through barks, jumps, or cute antics!"
60,Dogs are masters of the guilty face.,They'll give you a guilt-inducing look even when they've done something mischievous!
61,Dogs have an impeccable sense of hearing.,They can detect sounds at frequencies much higher than what humans can hear!
62,Dogs are excellent problem solvers.,They'll figure out how to reach treats hidden in puzzle toys with their clever minds!
63,Dogs have a special bond with children.,"They'll be patient, gentle, and protective, making them wonderful companions for kids!"
64,Dogs are skilled at stealing hearts.,Their adorable looks and wagging tails melt the hearts of everyone they meet!
65,Dogs have a natural sense of curiosity.,"They'll investigate everything around them, sniffing and exploring with great enthusiasm!"
66,Dogs have a love for sunbathing.,"They'll find a sunny spot and bask in the warmth, enjoying their own version of ""doggie sun therapy""!"
67,"Dogs are masters of ""the puppy eyes.""",They'll use their irresistible eyes to get your attention and melt your heart!
68,Dogs have a knack for stealing pillows.,"They'll take over your pillows, leaving you with a corner while they enjoy the plush comfort!"
69,Dogs are natural athletes.,"They excel in various dog sports like agility, flyball, and frisbee with their athletic abilities!"
70,Dogs are expert tail waggers.,"They'll wag their tails vigorously to express joy, excitement, and happiness!"
71,"Dogs are masters of the ""zoomies.""","They'll burst into sudden bursts of energy, zooming around in a frenzy of playful antics!"
72,Dogs have an incredible sense of balance.,They can navigate narrow paths and walk along precarious surfaces with ease!
73,Dogs are natural comedians.,They'll do funny and entertaining things that leave you laughing out loud!
74,Dogs have an extraordinary sense of timing.,They'll sense the perfect moment to snuggle up or bring you a toy when you need it the most!
75,Dogs are great cuddle buddies.,"They'll curl up beside you, offering warmth and comfort during cozy snuggle sessions!"
76,Dogs have a love for outdoor adventures.,"They'll accompany you on hikes, camping trips, and explorations, enjoying the great outdoors!"
77,Dogs have an exceptional sense of loyalty.,They'll fiercely protect their families and show unwavering loyalty in every situation!
78,Dogs are expert tail wag translators.,"The direction, speed, and intensity of their tail wags can convey different emotions and messages!"
79,Dogs are expert blanket burrowers.,"They'll snuggle under blankets, creating cozy nests to keep themselves warm and snug!"
80,Dogs have an amazing sense of timing.,"They'll somehow know precisely when it's time for mealtime, walks, or play, keeping you on schedule!"
81,Dogs are experts at stealing the spotlight.,"They'll photobomb your pictures and videos, making them more memorable and hilarious!"
82,Dogs have an extraordinary sense of smell.,"They can detect certain diseases, locate missing persons, and even sniff out hidden treats with their powerful noses!"
83,Dogs are natural therapists.,"They provide emotional support and can help reduce stress and anxiety, making them great companions for mental well-being!"
84,Dogs have a unique talent for drooling.,They can create impressive strings of drool that seem to defy gravity!
85,Dogs are excellent travel buddies.,"They'll happily join you on road trips and adventures, bringing joy and excitement to every journey!"
86,Dogs have an innate sense of direction.,"They can find their way back home even in unfamiliar places, relying on their remarkable internal compass!"
87,Dogs have a secret obsession with socks.,"They'll sneak off with your socks, leaving you wondering where they all disappear to!"
88,Dogs have a talent for making you smile.,"They'll do silly antics, goofy tricks, and give you endless reasons to laugh and feel joy!"
89,Dogs are expert beggars.,"They'll give you their best ""puppy eyes"" and use their charm to convince you to share your food!"
90,Dogs are natural alarm clocks.,"They'll wake you up with gentle nudges, wet kisses, and sometimes, not-so-gentle tail wagging to start your day!"
91,Dogs have a love for belly rubs.,"They'll roll over and expose their bellies, inviting you to give them the ultimate tummy rubs!"
92,Dogs have an incredible memory.,"They can remember people, places, and favorite spots even after long periods of time!"
93,Dogs have a sixth sense for danger.,They can sense changes in their environment and warn you of potential threats or hazards!
94,Dogs are excellent judges of character.,They can often pick up on a person's intentions and provide an intuitive sense of trustworthiness!
95,Dogs have a natural talent for fetch.,"They'll eagerly chase after balls, sticks, or toys and bring them back, ready for another round of play!"
96,Dogs are masters of relaxation.,"They'll find the comfiest spots to nap, lounge, and fully embrace the art of ""doggy zen""!"
97,Dogs have an unconditional love for their humans.,"They'll love you unconditionally, no matter what, showering you with endless affection and loyalty!"
98,Dogs have a penchant for surprises.,"They'll surprise you with unexpected tricks, surprises, and moments of pure cuteness that make your heart melt!"
99,Dogs have a talent for making friends.,"They can quickly make friends with other dogs, animals, and people, spreading happiness wherever they go!"
100,Dogs have a special place in our hearts.,"They become cherished members of our families, providing us with love, companionship"