Category,Statement,Continuation
Men,Running can help men to...,improve cardiovascular health
Men,Swimming can help men to...,build full body strength
Men,Hiking can help men to...,reduce stress levels
Men,High-intensity interval training can help men to...,boost metabolism
Men,Resistance training can help men to...,build muscle mass
Men,Yoga can help men to...,improve balance and posture
Men,Cycling can help men to...,improve lung function
Men,Rock climbing can help men to...,improve grip strength
Men,HIIT workouts can help men to...,burn fat
Men,Stretching can help men to...,improve flexibility
Men,Weightlifting can help men to...,build muscle and increase strength
Men,Running can help men to...,burn calories and improve endurance
Men,Cycling can help men to...,improve joint health and cardiovascular fitness
Men,Swimming can help men to...,improve lung capacity and tone muscles
Men,Hiking can help men to...,burn calories and reduce stress
Men,Martial arts can help men to...,"increase strength, flexibility, and mental focus"
Men,Circuit training can help men to...,improve muscular endurance and burn fat
Men,CrossFit can help men to...,"increase strength, power, and agility"
Men,Snowboarding can help men to...,"improve balance, coordination, and flexibility"
Men,High altitude training can help men to...,improve endurance and oxygen uptake
Men,Deadlifting helps men to...,build strength in their lower body
Men,Consuming enough protein helps men to...,build and repair muscle tissue
Men,Yoga helps men to...,increase their flexibility and balance
Men,Cardio exercises help men to...,improve their overall fitness level
Men,Eating a balanced diet helps men to...,maintain a healthy weight and improve their overall health
Men,Resistance training helps men to...,increase their muscle mass and improve their metabolism
Men,High-intensity interval training (HIIT) helps men to...,improve their cardiovascular fitness and burn fat
Men,Stretching helps men to...,improve their range of motion and reduce their risk of injury
Men,Cycling helps men to...,improve their cardiovascular health and endurance
Men,Eating enough healthy fats helps men to...,improve their brain function and lower their risk of heart disease
Women,Lifting weights can help women to...,increase bone density
Women,Pilates can help women to...,improve core strength
Women,Yoga can help women to...,increase flexibility
Women,Barre workouts can help women to...,tone their entire body
Women,Cardio kickboxing can help women to...,improve cardiovascular health
Women,Swimming can help women to...,reduce joint pain
Women,Strength training can help women to...,increase metabolism
Women,Running can help women to...,reduce the risk of disease
Women,Yoga can help women to...,reduce stress and anxiety
Women,Dancing can help women to...,boost mood and confidence
Women,Cardio can help women to...,improve cardiovascular health
Women,Strength training can help women to...,increase bone density and prevent osteoporosis
Women,Yoga can help women to...,reduce stress and increase flexibility
Women,Pilates can help women to...,strengthen core muscles and improve posture
Women,HIIT workouts can help women to...,improve metabolism and burn fat
Women,Zumba can help women to...,improve coordination and boost mood
Women,Dancing can help women to...,"improve balance, flexibility, and coordination"
Women,Barre can help women to...,tone muscles and improve posture
Women,Kickboxing can help women to...,"build strength, endurance, and self-confidence"
Women,TRX suspension training can help women to...,develop strength and improve flexibility
Women,Running helps women to...,improve their cardiovascular health
Women,Strength training helps women to...,increase their bone density
Women,Dancing helps women to...,improve their coordination and balance
Women,Swimming helps women to...,strengthen their muscles and improve their posture
Women,Yoga helps women to...,reduce stress and improve their mental health
Women,Pilates helps women to...,improve their core strength and posture
Women,Hiking helps women to...,strengthen their lower body muscles and improve their balance
Women,Eating enough fiber helps women to...,maintain a healthy digestive system and lower their risk of chronic diseases
Women,Barre workouts help women to...,tone their muscles and improve their flexibility
Women,Boxing helps women to...,relieve stress and improve their cardiovascular health
Men,Running is a great way for men to...,improve cardiovascular health
Women,Strength training helps women to...,build lean muscle mass
Men,Men who consume more protein tend to...,have more muscle mass
Women,Eating a diet high in leafy greens can help women to...,improve bone health
Men,HIIT workouts are a great way for men to...,burn fat and improve endurance
Women,Women who practice mindfulness tend to...,have lower stress levels
Men,Consuming omega-3 fatty acids can help men to...,improve brain function
Women,Pilates can help women to...,improve posture and flexibility
Men,Men who get enough sleep tend to...,have better focus and memory
Women,Yoga can help women to...,reduce stress and anxiety
Men,Eating a diet high in antioxidants can help men to...,reduce inflammation
Women,Resistance band exercises can help women to...,tone and strengthen muscles
Men,Drinking enough water can help men to...,regulate body temperature
Women,Women who eat enough fiber tend to...,have better digestive health
Men,Men who exercise regularly tend to...,have better mental health
Women,Foam rolling can help women to...,improve flexibility and mobility
Men,Eating a diet rich in whole grains can help men to...,lower risk of heart disease
Women,Swimming is a great low-impact exercise for women to...,improve cardiovascular health
Men,Men who practice meditation tend to...,have lower stress levels
Women,Drinking green tea can help women to...,improve metabolism and burn fat