Category,Statement,Goal
Girls,A girl values...,honesty and communication in a relationship
Girls,A girl likes...,when a guy gives her attention
Girls,A girl looks for...,someone who respects her and treats her well
Girls,A girl wants...,a guy who is confident but not arrogant
Girls,A girl is attracted to...,a guy who has a good sense of humor
Girls,A girl appreciates...,when a guy shows effort in making her feel special
Girls,A girl wants to feel...,comfortable and safe with a guy
Girls,A girl wants a guy who is...,trustworthy and dependable
Girls,A girl values a guy who is...,open-minded and willing to listen to her thoughts and opinions
Girls,A girl values...,honesty and communication in a relationship
Girls,A girl likes...,when a guy is confident but not arrogant
Girls,A girl wants...,someone who is emotionally supportive
Girls,A girl appreciates...,when a guy listens to her and remembers details about her life
Girls,A girl looks for...,someone who is kind and respectful towards others
Girls,A girl values...,financial stability and responsibility in a relationship
Girls,A girl likes...,when a guy is confident in expressing his feelings towards her
Girls,A girl appreciates...,when her partner is supportive of her goals and aspirations
Girls,A girl likes...,to have fun and try new things with her partner
Girls,A girl seeks...,a partner who is reliable and dependable
Girls,A girl values...,a partner who is kind and empathetic
Girls,A girl likes...,a partner who is romantic and thoughtful
Girls,A girl seeks...,a partner who is open and willing to communicate about difficult topics
Girls,A girl appreciates...,a partner who is attentive and remembers the little things
Boys,A boy values...,loyalty and trust in a relationship
Boys,A boy likes...,when a girl shows interest in him and his hobbies
Boys,A boy looks for...,someone who is caring and supportive
Boys,A boy wants...,a girl who is confident and independent
Boys,A boy is attracted to...,a girl who has a good sense of humor
Boys,A boy appreciates...,when a girl is open and honest with him
Boys,A boy wants to feel...,respected and appreciated by a girl
Boys,A boy wants a girl who is...,trustworthy and has good communication skills
Boys,A boy values a girl who is...,"kind and understanding, and doesn't judge him harshly"
Boys,A boy values...,loyalty and trustworthiness in a relationship
Boys,A boy likes...,when a girl is independent and has her own interests
Boys,A boy wants...,a partner who is supportive of his goals and ambitions
Boys,A boy appreciates...,when a girl has a good sense of humor and can make him laugh
Boys,A boy looks for...,someone who is intelligent and can engage in meaningful conversations
Boys,A boy values...,a partner who is supportive and understanding of his mental health
Boys,A boy likes...,when a girl is physically active and enjoys outdoor activities
Boys,A boy values...,a partner who can communicate effectively and actively listen to him
Boys,A boy looks for...,a partner who shares his values and interests
Boys,A boy wants...,a partner who is comfortable being themselves and accepts him for who he is
Boys,A boy appreciates...,a partner who is supportive of his passions and hobbies
Boys,A boy desires...,a partner who challenges him to be his best self
Boys,A boy values...,a partner who is independent and has her own interests and hobbies
Both,"In a relationship, both value...",mutual respect and trust
Both,Both look for...,shared interests and values
Both,Both want...,open and honest communication
Both,Both are attracted to...,someone who is confident but not arrogant
Both,Both appreciate...,effort and thoughtfulness in a relationship
Both,Both want to feel...,comfortable and accepted by their partner
Both,Both value partners who are...,supportive and understanding of their goals and aspirations
Both,Both look for partners who are...,able to compromise and work through conflicts in a healthy way
Both,Both value partners who prioritize...,the relationship and make time for each other
Both,Both genders value...,trust and open communication in a relationship
Both,Both genders like...,physical affection and quality time spent together
Both,Both genders want...,a partner who is loyal and committed to the relationship
Both,Both genders appreciate...,when their partner shows empathy and understanding towards them
Both,Both genders look for...,shared interests and hobbies with their partner
Both,People want...,to feel respected and appreciated in their relationship
Both,People need...,to have trust in their relationship
Both,People desire...,a partner who makes them feel happy and fulfilled
Both,People prioritize...,compatibility and chemistry in their relationship
Both,People expect...,honesty and loyalty from their partner
Both,People require...,a partner who is respectful and considerate of their feelings and boundaries
Both,People look for...,a partner who is supportive through the ups and downs of life
Girls,A girl feels loved when...,her partner makes her feel appreciated
Girls,A girl is impressed by...,a guy who is passionate about something
Girls,A girl wants a guy who...,is trustworthy and dependable
Girls,A girl values a guy who...,respects her boundaries and opinions
Girls,"In a relationship, a girl appreciates...",small acts of kindness and thoughtfulness
Girls,A girl wants to feel...,safe and secure with her partner
Boys,A boy feels valued when...,his partner shows him respect and admiration
Boys,A boy looks for...,a girl who has a good sense of humor
Boys,A boy wants a girl who...,is confident and independent
Boys,A boy values a girl who...,supports and encourages his dreams and aspirations
Boys,"In a relationship, a boy appreciates...",when his partner actively listens and communicates with him
Boys,A boy wants to feel...,that he can be vulnerable and open with his partner
Both,People value partners who are...,honest and open in communication
Both,Both want a partner who...,shares common interests and values
Both,People appreciate partners who...,take care of themselves physically and mentally
Both,Both genders seek...,emotional connection and intimacy with their partner
Both,People desire a partner who...,is supportive and understanding
Both,Both genders value...,a partner who is loyal and committed
Both,People prioritize...,trust and respect in their relationship
Both,Both genders expect...,their partner to be responsible and dependable
Girls,A girl wants her partner to be,supportive of her goals and dreams
Girls,A girl is attracted to guys who are,emotionally intelligent and self-aware
Girls,A girl appreciates when her partner,surprises her with thoughtful gestures
Girls,A girl wants to feel,respected and valued in a relationship
Girls,A girl values a guy who is,loyal and trustworthy
Boys,A boy likes when his partner,is independent and has her own interests
Boys,A boy looks for a partner who,is kind and compassionate towards others
Boys,A boy wants to feel,emotionally supported and understood in a relationship
Boys,A boy is attracted to girls who are,confident and self-assured
Boys,A boy values a girl who is,honest and communicates openly
Both,Both value partners who are,physically affectionate and attentive
Both,Both look for partners who are,financially responsible and stable
Both,Both want a relationship that is,built on trust and mutual respect
Both,Both appreciate partners who,have a good sense of humor and can make them laugh
Both,Both want to feel,appreciated and loved in a relationship
Both,Both value partners who prioritize,spending quality time together
Both,Both are attracted to partners who,share similar interests and values
Both,"In a relationship, both want",to feel emotionally supported and validated
Both,Both value partners who are,ambitious and driven towards their goals
Both,Both look for partners who,have good communication skills and can express themselves clearly
Boy,A boy wants his partner to be...,understanding and supportive.
Girl,A girl wants to feel...,heard and respected.
Both,Both appreciate partners who...,make them laugh and share similar interests.
Boy,A boy desires...,a partner who is independent and has their own goals.
Girl,A girl is attracted to guys who are...,confident and have a good sense of humor.
Both,Both want a partner who...,is honest and trustworthy.
Boy,"In a relationship, a boy appreciates...",when his partner shows affection and appreciation.
Girl,A girl values a guy who is...,kind and empathetic.
Both,Both value partners who prioritize...,communication and compromise.
Boy,A boy appreciates...,when his partner supports him and his ambitions.
Girl,A girl appreciates...,when her partner surprises her with small gestures of love.
Both,Both want a relationship that is...,fulfilling and brings them joy.
Boy,A boy wants a girl who...,shares his values and interests.
Girl,A girl wants...,to be pursued and feel desired by her partner.
Both,Both are attracted to partners who...,are confident and comfortable in their own skin.
Boy,A boy values...,a partner who is loyal and committed.
Girl,A girl looks for...,a partner who is emotionally mature and understanding.
Both,Both look for partners who are...,supportive and encouraging of their goals and dreams.
Boy,A boy is attracted to...,a girl who is intelligent and passionate about her interests.
Girl,A girl seeks...,a partner who makes her feel safe and protected.