Category,Sentence 1,Sentence 2,Sentence 3,Sentence 4
Tiger,Tigers have a distinctive orange coloration,The color helps them blend into their forest habitats,Their coat provides excellent camouflage while hunting,White tigers are a rare color variant of the species
Tiger,Tigers have muscular bodies designed for power and speed,Their strong limbs allow them to chase and tackle prey,They can bring down animals much larger than themselves,Tigers are capable of jumping distances over 30 feet
Tiger,"Tigers are crepuscular, being most active during dawn and dusk",They utilize low-light conditions for hunting,"During the day, they rest in dense vegetation or caves",Tigers are known to be less active during hot weather
Tiger,Male tigers have a larger size compared to females,Males can weigh up to 660 pounds (300 kilograms),"Females are typically smaller, weighing around 300 pounds (135 kilograms)",The size difference ensures less competition for resources
Tiger,Tigers have well-developed canines and sharp incisors,Their teeth are designed for gripping and tearing flesh,Tigers can deliver a powerful bite to subdue their prey,"They have a bite force of around 1,000 pounds per square inch"
Tiger,Tigers have a unique social structure,Male tigers are solitary and establish their own territories,Females have overlapping territories with their offspring,Males and females only come together for mating
Tiger,Tigers are known to be territorial animals,They mark their territory using scent from glands on their cheeks,Urine and scratch marks are also used for territorial marking,Territory size depends on the availability of prey and resources
Tiger,Tigers have been depicted in ancient cave paintings,Humans have revered tigers for thousands of years,"They are seen as symbols of power, courage, and beauty",Their presence in folklore and mythology is widespread
Tiger,Tigers have excellent night vision,Their eyes contain a high number of light-sensitive cells,This enhances their ability to see in low-light conditions,Tigers can detect movement from a great distance
Tiger,Tigers are apex predators at the top of the food chain,They play a crucial role in regulating prey populations,"By controlling herbivores, they help maintain ecosystem balance",Tiger conservation indirectly benefits other species
Tiger,Tigers have adapted to various habitats and climates,"They can be found in rainforests, grasslands, and mangrove swamps","Some subspecies, like the Siberian tiger, thrive in colder regions",Tigers are adaptable and can survive in diverse environments
Tiger,Tigers have a series of vocalizations to communicate,"Roars, growls, and chuffing sounds are commonly used",They can make long-range vocalizations to attract mates or declare territory,Tigers also use non-vocal cues like facial expressions and body postures
Tiger,Tigers are known for their incredible strength and power,They are capable of taking down large prey with a single swipe,Their muscular build allows them to overpower their opponents,Tigers are considered one of the strongest land mammals
Tiger,Tigers have a reputation for being solitary hunters,They rely on stealth and ambush techniques to catch their prey,"Unlike lions, tigers do not hunt cooperatively in groups",Solitary hunting reduces competition and increases success rate
Tiger,Tigers have been victims of illegal wildlife trade,Their body parts are in demand for traditional medicine and luxury goods,This trade poses a significant threat to tiger populations,Efforts to combat wildlife trafficking are
Tiger,Tigers belong to the Felidae family,They are native to various parts of Asia,These apex predators have exceptional agility,Tigers possess powerful jaws and sharp teeth
Tiger,They have a gestation period of about 3-4 months,Cubs stay with their mother for about 2 years,Tigers communicate through vocalizations and scent,They mark their territories with urine and scratches
Tiger,Tigers have a keen sense of hearing,Their night vision is well-developed,They can leap distances of up to 6 meters,Tigers are capable of reaching speeds up to 40 mph
Tiger,Their populations have dramatically declined,Poaching and habitat loss are major threats,Conservation efforts aim to protect their habitats,Tigers play a crucial role in maintaining ecosystems
Tiger,There are six surviving subspecies of tigers,"Bengal, Siberian, and Sumatran among them",Each subspecies has distinct physical characteristics,Tigers have been revered in various cultures
Tiger,Tigers are known for their stealthy hunting tactics,They stalk their prey before launching an attack,Their diet mainly consists of large ungulates,Tigers can consume up to 88 pounds of meat in one meal
Tiger,Tigers have retractable claws that aid in hunting,Their claws remain sharp by retracting when not in use,"They have a unique pattern of stripes, like fingerprints","Each tiger's stripe pattern is unique, just like humans'"
Tiger,Tigers are excellent swimmers and often enjoy bathing,They are not afraid to enter water for hunting or cooling off,Their webbed paws help them navigate through rivers and lakes,"Tigers are known to take down prey in water, including crocodiles"
Tiger,Tigers have a lifespan of around 10-15 years in the wild,Captive tigers may live up to 20 years or more,They establish and defend their territories through scent marking,Male tigers have larger territories compared to females
Tiger,Tigers have played a significant role in human culture,"They are often depicted in art, literature, and mythology","Tigers are national animals in countries like India, Bangladesh, and Malaysia","Their symbolic representation represents power, courage, and strength"
Tiger,"Tigers are mesmerizing creatures, capturing the imagination",Their presence in the wild evokes a sense of awe and admiration,Conservation efforts aim to ensure their survival for future generations,The survival of tigers is a testament to the importance of preserving biodiversity
Tiger,Tigers have a distinctive orange coloration,The color helps them blend into their forest habitats,Their coat provides excellent camouflage while hunting,White tigers are a rare color variant of the species
Tiger,Tigers have muscular bodies designed for power and speed,Their strong limbs allow them to chase and tackle prey,They can bring down animals much larger than themselves,Tigers are capable of jumping distances over 30 feet
Tiger,"Tigers are crepuscular, being most active during dawn and dusk",They utilize low-light conditions for hunting,"During the day, they rest in dense vegetation or caves",Tigers are known to be less active during hot weather
Tiger,Male tigers have a larger size compared to females,Males can weigh up to 660 pounds (300 kilograms),"Females are typically smaller, weighing around 300 pounds (135 kilograms)",The size difference ensures less competition for resources
Tiger,Tigers have well-developed canines and sharp incisors,Their teeth are designed for gripping and tearing flesh,Tigers can deliver a powerful bite to subdue their prey,"They have a bite force of around 1,000 pounds per square inch"
Tiger,Tigers have a unique social structure,Male tigers are solitary and establish their own territories,Females have overlapping territories with their offspring,Males and females only come together for mating
Tiger,Tigers are known to be territorial animals,They mark their territory using scent from glands on their cheeks,Urine and scratch marks are also used for territorial marking,Territory size depends on the availability of prey and resources
Tiger,Tigers have been depicted in ancient cave paintings,Humans have revered tigers for thousands of years,"They are seen as symbols of power, courage, and beauty",Their presence in folklore and mythology is widespread
Tiger,Tigers have excellent night vision,Their eyes contain a high number of light-sensitive cells,This enhances their ability to see in low-light conditions,Tigers can detect movement from a great distance
Tiger,Tigers are apex predators at the top of the food chain,They play a crucial role in regulating prey populations,"By controlling herbivores, they help maintain ecosystem balance",Tiger conservation indirectly benefits other species
Tiger,Tigers have adapted to various habitats and climates,"They can be found in rainforests, grasslands, and mangrove swamps","Some subspecies, like the Siberian tiger, thrive in colder regions",Tigers are adaptable and can survive in diverse environments
Tiger,Tigers have a series of vocalizations to communicate,"Roars, growls, and chuffing sounds are commonly used",They can make long-range vocalizations to attract mates or declare territory,Tigers also use non-vocal cues like facial expressions and body postures
Tiger,Tigers are known for their incredible strength and power,They are capable of taking down large prey with a single swipe,Their muscular build allows them to overpower their opponents,Tigers are considered one of the strongest land mammals
Tiger,Tigers have a reputation for being solitary hunters,They rely on stealth and ambush techniques to catch their prey,"Unlike lions, tigers do not hunt cooperatively in groups",Solitary hunting reduces competition and increases success rate
Tiger,Tigers have been victims of illegal wildlife trade,Their body parts are in demand for traditional medicine and luxury goods,This trade poses a significant threat to tiger populations,Efforts to combat wildlife trafficking are